{
  "document_requirements": {
    "thesis_document": {
      "status": "✅ Complete",
      "description": "Main thesis document with all chapters",
      "format": "PDF format following university guidelines"
    },
    "abstract": {
      "status": "✅ Complete",
      "description": "Research abstract and keywords",
      "word_count": "250 words (within university limits)"
    },
    "bibliography": {
      "status": "✅ Complete",
      "description": "Complete academic references",
      "citation_style": "IEEE/ACM format"
    }
  },
  "technical_requirements": {
    "source_code": {
      "status": "✅ Complete",
      "description": "Complete implementation with documentation",
      "validation": "All tests passing"
    },
    "validation_reports": {
      "status": "✅ Complete",
      "description": "Comprehensive validation and testing results",
      "academic_score": "90.7/100"
    },
    "demonstration_materials": {
      "status": "✅ Complete",
      "description": "Interactive demonstrations and visualizations",
      "format": "Executable Python scripts with documentation"
    }
  },
  "administrative_requirements": {
    "submission_form": {
      "status": "⚠️ To be completed",
      "description": "University thesis submission form",
      "action_required": "Complete with supervisor signature"
    },
    "plagiarism_declaration": {
      "status": "⚠️ To be completed",
      "description": "Academic integrity declaration",
      "action_required": "Sign and include in submission"
    },
    "supervisor_approval": {
      "status": "⚠️ To be obtained",
      "description": "Supervisor approval for submission",
      "action_required": "Obtain supervisor signature"
    }
  }
}