{
  "title": "Deployment Guide",
  "development_deployment": {
    "description": "Local development environment setup",
    "steps": [
      "Install Python 3.12+ and required dependencies",
      "Clone repository and navigate to project directory",
      "Run comprehensive validation to verify installation",
      "Execute demonstration scripts to verify functionality",
      "Run test suite to ensure all components working"
    ],
    "validation_commands": [
      "python comprehensive_validation_corrected.py",
      "python -c \"from rec.algorithms.vector_clock import VectorClock; print('✅ Core systems operational')\"",
      "python -m pytest tests/ -v"
    ]
  },
  "production_deployment": {
    "description": "Production environment deployment",
    "requirements": [
      "Python 3.12+ runtime environment",
      "Sufficient memory for vector clock operations (recommended: 4GB+)",
      "Network connectivity between UCP components",
      "Persistent storage for job execution and results"
    ],
    "deployment_steps": [
      "Prepare production environment with required dependencies",
      "Configure UCP integration parameters",
      "Deploy vector clock-enhanced executors",
      "Configure broker coordination",
      "Enable fault tolerance mechanisms",
      "Validate production deployment"
    ],
    "monitoring_requirements": [
      "Vector clock synchronization monitoring",
      "Emergency response system health checks",
      "Performance metrics collection",
      "Fault tolerance system validation"
    ]
  }
}