{
  "title": "Implementation Guide",
  "getting_started": {
    "prerequisites": [
      "Python 3.12 or higher",
      "pip package manager",
      "Git for repository access",
      "Basic understanding of distributed systems"
    ],
    "installation_steps": [
      "Clone repository: git clone <repository-url>",
      "Navigate to project: cd ma-sinafadavi",
      "Install dependencies: pip install -r requirements.txt",
      "Run validation: python comprehensive_validation_corrected.py",
      "Execute demos: python -c \"from rec.replication.simple_demo import demo_vector_clock; demo_vector_clock()\""
    ]
  },
  "basic_usage_patterns": {
    "vector_clock_pattern": {
      "description": "Standard vector clock operations",
      "steps": [
        "1. Create VectorClock instance with unique node_id",
        "2. Call tick() before processing local events",
        "3. Call update(other_clock.clock) when receiving messages",
        "4. Use compare() to determine causal relationships",
        "5. Always pass .clock dict, never the VectorClock object"
      ]
    },
    "emergency_response_pattern": {
      "description": "Emergency response coordination",
      "steps": [
        "1. Create SimpleEmergencyExecutor or VectorClockExecutor",
        "2. Set emergency mode with set_emergency_mode(type, level)",
        "3. Submit emergency jobs with is_emergency=True",
        "4. Monitor status with get_status()",
        "5. Clear emergency with clear_emergency_mode()"
      ]
    },
    "ucp_integration_pattern": {
      "description": "UCP production integration",
      "steps": [
        "1. Create VectorClockExecutor with all required parameters",
        "2. Register with broker using UCP protocols",
        "3. Maintain vector clock synchronization",
        "4. Handle emergency coordination",
        "5. Ensure FCFS policy compliance"
      ]
    }
  },
  "advanced_patterns": {
    "fault_tolerance_integration": {
      "description": "Advanced fault tolerance mechanisms",
      "components": [
        "SimpleFaultDetector - Basic health monitoring",
        "SimpleByzantineDetector - Reputation-based scoring",
        "AdvancedRecoveryManager - Job recovery and state restoration",
        "Task7FaultToleranceSystem - Complete integration"
      ]
    },
    "performance_optimization": {
      "description": "Performance optimization strategies",
      "techniques": [
        "VectorClockOptimizer - Algorithmic improvements",
        "PerformanceBenchmarkSuite - Continuous monitoring",
        "UrbanScalabilityTester - Large-scale validation",
        "Caching strategies for vector clock operations"
      ]
    }
  }
}