{
  "title": "Performance Guide",
  "performance_metrics": {
    "vector_clock_performance": {
      "metric": "Operations per second",
      "baseline": "1000 ops/sec",
      "optimized": "2000+ ops/sec",
      "optimization_techniques": [
        "Clock state caching",
        "Efficient comparison algorithms",
        "Optimized update operations"
      ]
    },
    "emergency_response_performance": {
      "metric": "Response latency",
      "target": "< 0.001s per operation",
      "achieved": "0.0003s per operation",
      "optimization_techniques": [
        "Priority queue optimization",
        "Emergency job fast-path",
        "Reduced coordination overhead"
      ]
    }
  },
  "optimization_strategies": {
    "algorithmic_optimizations": [
      "Use VectorClockOptimizer for enhanced performance",
      "Implement caching for frequently accessed clock states",
      "Optimize vector clock comparison operations",
      "Use efficient data structures for job queues"
    ],
    "system_optimizations": [
      "Configure appropriate concurrent job limits",
      "Optimize network communication patterns",
      "Use efficient serialization for clock synchronization",
      "Implement smart caching strategies"
    ]
  }
}